{
  "total_playlists": 1000000,
  "total_tracks": 66346428,
  "unique_tracks": 2262292,
  "unique_artists": 295860,
  "unique_albums": 734684,
  "processing_times": [
    0.1351,
    0.126952,
    0.139281,
    0.133791,
    0.139506,
    0.147806,
    0.133282,
    0.149947,
    0.136065,
    0.150998,
    0.147985,
    0.132505,
    0.156265,
    0.135437,
    0.148407,
    0.146088,
    0.138483,
    0.160406,
    0.138057,
    0.151454,
    0.149581,
    0.136499,
    0.161364,
    0.138812,
    0.149975,
    0.154943,
    0.137777,
    0.153283,
    0.141684,
    0.153822,
    0.164829,
    0.139018,
    0.157074,
    0.139898,
    0.151728,
    0.153559,
    0.137615,
    0.167451,
    0.14393,
    0.166576,
    0.154286,
    0.143784,
    0.161414,
    0.142752,
    0.162328,
    0.179326,
    0.137768,
    0.160357,
    0.144795,
    0.209124,
    0.16041,
    0.147562,
    0.161345,
    0.20588,
    0.196519,
    0.16519,
    0.143477,
    0.16372,
    0.145197,
    0.159568,
    0.162042,
    0.150907,
    0.161941,
    0.142949,
    0.159362,
    0.162122,
    0.141078,
    0.156359,
    0.149853,
    0.167155,
    0.158216,
    0.138762,
    0.169215,
    0.137867,
    0.17078,
    0.162959,
    0.14742,
    0.166794,
    0.142269,
    0.156691,
    0.157021,
    0.137608,
    0.165416,
    0.136533,
    0.162532,
    0.167914,
    0.143682,
    0.166063,
    0.139376,
    0.159749,
    0.163763,
    0.143895,
    0.160248,
    0.149908,
    0.160127,
    0.165887,
    0.138768,
    0.16498,
    0.140843,
    0.171171,
    0.184674,
    0.139926,
    0.168187,
    0.139403,
    0.172821,
    0.160778,
    0.143325,
    0.184078,
    0.147749,
    0.170193,
    0.163627,
    0.143748,
    0.166112,
    0.143937,
    0.166776,
    0.167719,
    0.140807,
    0.169126,
    0.163197,
    0.167941,
    0.167521,
    0.146098,
    0.165372,
    0.138542,
    0.166017,
    0.171336,
    0.147664,
    0.163948,
    0.171022,
    0.143775,
    0.16419,
    0.162027,
    0.171033,
    0.147908,
    0.164328,
    0.163937,
    0.136127,
    0.173622,
    0.139985,
    0.169364,
    0.169597,
    0.141579,
    0.166987,
    0.141629,
    0.172333,
    0.168106,
    0.153457,
    0.167527,
    0.147506,
    0.170778,
    0.168932,
    0.143702,
    0.165227,
    0.146562,
    0.169682,
    0.168078,
    0.147394,
    0.165772,
    0.139429,
    0.168895,
    0.163994,
    0.165538,
    0.172724,
    0.138797,
    0.171047,
    0.176327,
    0.147289,
    0.169548,
    0.175894,
    0.138543,
    0.168091,
    0.146537,
    0.162995,
    0.143501,
    0.166521,
    0.166173,
    0.168004,
    0.166318,
    0.144106,
    0.171944,
    0.172991,
    0.14207,
    0.175522,
    0.147554,
    0.175036,
    0.164243,
    0.145216,
    0.173349,
    0.147801,
    0.168255,
    0.167827,
    0.148862,
    0.162853,
    0.145539,
    0.166687,
    0.172299,
    0.142002,
    0.16497,
    0.149313,
    0.169396,
    0.166358,
    0.138321,
    0.167548,
    0.138604,
    0.1716,
    0.174557,
    0.14588,
    0.167898,
    0.14181,
    0.164502,
    0.168511,
    0.153523,
    0.168978,
    0.143335,
    0.189284,
    0.172938,
    0.143144,
    0.173876,
    0.155581,
    0.168764,
    0.169051,
    0.145493,
    0.176971,
    0.137718,
    0.174799,
    0.1921,
    0.142289,
    0.175834,
    0.149901,
    0.173977,
    0.171682,
    0.139147,
    0.17592,
    0.143725,
    0.17794,
    0.168763,
    0.145762,
    0.17626,
    0.144318,
    0.173722,
    0.185455,
    0.138708,
    0.175277,
    0.151967,
    0.178556,
    0.169917,
    0.140911,
    0.172681,
    0.142837,
    0.18929,
    0.171391,
    0.140116,
    0.177102,
    0.146652,
    0.170743,
    0.169454,
    0.140785,
    0.173358,
    0.154206,
    0.175953,
    0.167555,
    0.151595,
    0.174062,
    0.146077,
    0.181224,
    0.191099,
    0.148613,
    0.1817,
    0.150673,
    0.174058,
    0.176338,
    0.138416,
    0.174134,
    0.145718,
    0.172462,
    0.172338,
    0.145958,
    0.176974,
    0.146381,
    0.177199,
    0.198398,
    0.144701,
    0.172746,
    0.148398,
    0.185562,
    0.171604,
    0.149133,
    0.174469,
    0.142204,
    0.175862,
    0.164077,
    0.147019,
    0.178288,
    0.138745,
    0.188335,
    0.190924,
    0.140376,
    0.179979,
    0.14329,
    0.179558,
    0.190682,
    0.147311,
    0.176424,
    0.145391,
    0.172671,
    0.174738,
    0.145419,
    0.172635,
    0.154519,
    0.173029,
    0.167783,
    0.160264,
    0.183012,
    0.142476,
    0.181984,
    0.175597,
    0.137653,
    0.180723,
    0.149797,
    0.186925,
    0.176142,
    0.138541,
    0.179833,
    0.14297,
    0.202752,
    0.177716,
    0.14215,
    0.179613,
    0.146471,
    0.178303,
    0.170439,
    0.146954,
    0.184883,
    0.143786,
    0.184217,
    0.184315,
    0.144555,
    0.182598,
    0.165575,
    0.176347,
    0.177351,
    0.134289,
    0.186554,
    0.146134,
    0.177854,
    0.175069,
    0.150363,
    0.181499,
    0.156622,
    0.177043,
    0.182558,
    0.1465,
    0.201676,
    0.145267,
    0.182949,
    0.18165,
    0.162639,
    0.186363,
    0.143799,
    0.186147,
    0.254838,
    0.168388,
    0.188956,
    0.156876,
    0.183124,
    0.2158,
    0.152859,
    0.197956,
    0.151923,
    0.19316,
    0.188938,
    0.144912,
    0.187537,
    0.147225,
    0.177154,
    0.221378,
    0.136572,
    0.184553,
    0.142046,
    0.200458,
    0.178489,
    0.137964,
    0.181908,
    0.138181,
    0.186821,
    0.183517,
    0.145978,
    0.181167,
    0.153183,
    0.18302,
    0.186503,
    0.143746,
    0.18389,
    0.141917,
    0.184486,
    0.180415,
    0.14895,
    0.181632,
    0.158262,
    0.184022,
    0.184185,
    0.14816,
    0.180922,
    0.142995,
    0.196489,
    0.179675,
    0.146451,
    0.213876,
    0.142069,
    0.185505,
    0.196742,
    0.151474,
    0.194142,
    0.14399,
    0.190223,
    0.199753,
    0.148259,
    0.203305,
    0.146275,
    0.181017,
    0.182393,
    0.160865,
    0.1961,
    0.143409,
    0.185656,
    0.183712,
    0.142203,
    0.196031,
    0.142882,
    0.184313,
    0.188703,
    0.145593,
    0.190838,
    0.147137,
    0.181512,
    0.198541,
    0.14048,
    0.191466,
    0.147806,
    0.195401,
    0.178173,
    0.143601,
    0.187143,
    0.143522,
    0.186764,
    0.180484,
    0.146181,
    0.183728,
    0.148488,
    0.185153,
    0.176147,
    0.145146,
    0.186012,
    0.141238,
    0.201601,
    0.1831,
    0.138435,
    0.183183,
    0.147728,
    0.185572,
    0.18384,
    0.150285,
    0.185211,
    0.155515,
    0.194631,
    0.181405,
    0.157133,
    0.185105,
    0.161689,
    0.182824,
    0.186924,
    0.144506,
    0.205096,
    0.163981,
    0.184999,
    0.18712,
    0.143805,
    0.187069,
    0.148844,
    0.179099,
    0.180763,
    0.141417,
    0.186868,
    0.157077,
    0.192489,
    0.184697,
    0.149691,
    0.18759,
    0.143971,
    0.191242,
    0.214571,
    0.144279,
    0.187621,
    0.150089,
    0.188089,
    0.187681,
    0.15004,
    0.191898,
    0.14209,
    0.189089,
    0.183439,
    0.144906,
    0.186057,
    0.145373,
    0.208665,
    0.181368,
    0.151044,
    0.179139,
    0.140542,
    0.195121,
    0.17958,
    0.146779,
    0.185753,
    0.144071,
    0.189013,
    0.277492,
    0.155511,
    0.252688,
    0.186424,
    0.209224,
    0.186448,
    0.146426,
    0.196912,
    0.145388,
    0.204515,
    0.191228,
    0.145993,
    0.186556,
    0.142898,
    0.184733,
    0.195255,
    0.146092,
    0.185594,
    0.140355,
    0.18652,
    0.194732,
    0.145445,
    0.184705,
    0.145687,
    0.187698,
    0.183339,
    0.144023,
    0.190281,
    0.141729,
    0.206781,
    0.1987,
    0.154401,
    0.201523,
    0.142527,
    0.199879,
    0.191146,
    0.14622,
    0.186761,
    0.143504,
    0.189993,
    0.191586,
    0.151662,
    0.193324,
    0.154578,
    0.185927,
    0.191582,
    0.150346,
    0.197299,
