metric,co_occurrence,popularity
Artist Diversity,0.5914729777463793,0.6883999999999998
Unique Artists (of 100),59.13758389261745,68.84
Top 3 Artist Concentration,0.1955068880254327,0.13136666666666666
Avg Popularity,76.86549275874248,139.92430000000002
Popularity Std Dev,37.067722423215564,28.42908450457881
High Popularity %,0.27392794065701165,1.0
Low Popularity %,0.12695337336630166,0.0
