name,r_precision,r_precision_std,ndcg,ndcg_std,clicks,clicks_std
Popularity Baseline,0.001,0.022338307903688678,0.03376250651468747,0.06671533051482641,42.073,16.451494491382846
Co-occurrence,0.089,0.22820823823867536,0.2676942521674649,0.23108023155998522,10.301,15.7138282732121
Hybrid (70% cooccur + 30% popularity),0.067,0.19367756710574408,0.21977905123426758,0.21947418314649883,14.778,18.883768585745802
